{"cameraMode":{"drawMode":0,"name":"Shaded","section":"Shading Mode"},"sceneLighting":false,"audioPlay":false,"sceneViewState":{"showFog":false,"showMaterialUpdate":false,"showSkybox":false,"showFlares":false,"showImageEffects":false,"showParticleSystems":false},"in2DMode":false,"pivot":{"x":3.5299999713897707,"y":-0.9700000286102295,"z":-1.6870791912078858},"rotation":{"x":-0.04259561747312546,"y":0.010787257924675942,"z":-0.00046133555588312447,"w":-0.999046266078949},"size":3.7600996494293215,"orthographic":false}