{"cameraMode":{"drawMode":0,"name":"Shaded","section":"Shading Mode"},"sceneLighting":false,"audioPlay":false,"sceneViewState":{"showFog":false,"showMaterialUpdate":false,"showSkybox":false,"showFlares":false,"showImageEffects":false,"showParticleSystems":false},"in2DMode":false,"pivot":{"x":-0.4996415972709656,"y":0.6817724704742432,"z":-0.1057429313659668},"rotation":{"x":-0.012572643347084523,"y":0.07671919465065003,"z":-0.0009778531966730953,"w":-0.9969969987869263},"size":5.593171119689941,"orthographic":false}